"x","y","pop_250m_grid"
1746375,5421125,5.40983606557377
1746625,5421125,37.8688524590164
1746875,5421125,14.4262295081967
1747375,5421125,55.531914893617
1747625,5421125,136.841438703141
1747875,5421125,108.392857142857
1746875,5421375,34.2622950819672
1747125,5421375,18.9962611446649
1747375,5421375,198.000645320477
1747625,5421375,36.4741068924264
1747875,5421375,204.777568922306
1748125,5421375,72.7549707602339
1748625,5421375,29.7590361445783
1748875,5421375,68.3115560834889
1747125,5421625,123.924608015233
1747375,5421625,221.053315673065
1747625,5421625,169.821548552232
1747875,5421625,240.230560578662
1748125,5421625,195.919257107284
1748375,5421625,195.33315966569
1748625,5421625,59.0174783641609
1748875,5421625,141.375117370892
1749125,5421625,28.8888888888889
1749375,5421625,4.44444444444444
1749625,5421625,2.11009174311927
1749875,5421625,14.7706422018349
1752375,5421625,4.25531914893617
1752625,5421625,6.38297872340426
1742125,5421875,2.31884057971015
1742875,5421875,2.31884057971015
1747125,5421875,11.0344827586207
1747375,5421875,168.093669264439
1747625,5421875,256.058976438677
1747875,5421875,258.832293993547
1748125,5421875,254.612495128658
1748375,5421875,222.683493098478
1748625,5421875,178.782402089398
1748875,5421875,125.479646440516
1749125,5421875,104.637908496732
1749375,5421875,104.573964142232
1749625,5421875,4.22018348623853
1749875,5421875,61.1926605504587
1752625,5421875,53.1914893617021
1742625,5422125,2.31884057971015
1743125,5422125,2.31884057971015
1747125,5422125,53.7157589429584
1747375,5422125,60.3165023400614
1747625,5422125,173.180343104984
1747875,5422125,148.383509483648
1748125,5422125,291.347656416418
1748375,5422125,245.380654986411
1748625,5422125,199.539631167562
1748875,5422125,230.683879839732
1749125,5422125,90.2400165871864
1749375,5422125,8.44036697247706
1749625,5422125,170.728138427592
1749875,5422125,217.88363437577
1751625,5422125,16.5
1751875,5422125,68.6702127659574
1752375,5422125,41.7391304347826
1752625,5422125,39.7846705972827
1742625,5422375,2.31884057971015
1747125,5422375,41.1214953271028
1747375,5422375,120.645161290323
1747625,5422375,238.988111373582
1747875,5422375,49.3173821252639
1748125,5422375,177.075338009465
1748375,5422375,269.306805373556
1748625,5422375,180.083177278402
1748875,5422375,159.047975408098
1749125,5422375,192.9895155992
1749375,5422375,32.4486833920796
1749625,5422375,173.51231718087
1749875,5422375,94.5774248440159
1751375,5422375,13.5
1751625,5422375,5.83333333333333
1751875,5422375,253.502783014633
1752125,5422375,121.355485232067
1752375,5422375,227.264492753623
1752625,5422375,55.0183342063908
1752875,5422375,3.6144578313253
1743125,5422625,2.31884057971015
1746875,5422625,49.3457943925233
1747125,5422625,24.6728971962617
1748125,5422625,195.297553040197
1748375,5422625,329.457602572288
1748625,5422625,327.103640131589
1748875,5422625,211.517709891049
1749125,5422625,124.996647347988
1749375,5422625,71.2430897131965
1749625,5422625,117.435020519836
1749875,5422625,102.63609219747
1751875,5422625,69.3430007921497
1752125,5422625,363.801673210441
1752375,5422625,180.501672240803
1752625,5422625,52.0413426280372
1752875,5422625,48.7951807228916
1753125,5422625,9.03614457831325
1743125,5422875,2.31884057971015
1746375,5422875,2.05607476635514
1746875,5422875,67.8504672897196
1747125,5422875,20.4386801449552
1748125,5422875,210.600049603634
1748375,5422875,289.849813099448
1748625,5422875,320.908690985683
1748875,5422875,266.588685204243
1749125,5422875,185.002112506324
1749375,5422875,55.1720310765816
1749625,5422875,143.284002613801
1749875,5422875,180.28264128402
1750125,5422875,6.83544303797468
1751875,5422875,59.6988829528898
1752125,5422875,245.942886337051
1752375,5422875,199.023053829555
1752625,5422875,108.834418822977
1752875,5422875,14.4578313253012
1753125,5422875,18.8841078600115
1746375,5423125,2.05607476635514
1747125,5423125,10.2803738317757
1748125,5423125,69.0676883780332
1748375,5423125,335.71503558029
1748625,5423125,219.792014886813
1748875,5423125,47.1428571428572
1749125,5423125,52.2850828367027
1749375,5423125,79.0363881401617
1749625,5423125,116.565560066874
1749875,5423125,346.395254734382
1750125,5423125,285.295489281655
1750375,5423125,61.9047619047619
1751875,5423125,5.35211267605634
1752125,5423125,159.852372206307
1752375,5423125,166.316442239546
1752625,5423125,154.701280227596
1752875,5423125,77.9020827931899
1753125,5423125,83.3990147783251
1753375,5423125,98.1792717086835
1753625,5423125,113.566176470588
1753875,5423125,9.375
1744875,5423375,2.31884057971015
1747125,5423375,33.7998032464338
1747375,5423375,16.7164179104478
1747625,5423375,117.5
1748125,5423375,2.75862068965517
1748375,5423375,48.8458359760902
1748625,5423375,44.6808510638298
1749375,5423375,2.28070175438596
1749625,5423375,168.504594820384
1749875,5423375,216.666988323435
1750125,5423375,386.773258943889
1750375,5423375,388.97842897843
1750625,5423375,105.270655270655
1750875,5423375,2.5
1751625,5423375,5.07936507936508
1752125,5423375,68.6746987951807
1752375,5423375,226.255478236283
1752625,5423375,250.16943040212
1752875,5423375,175.97047137882
1753125,5423375,92.8363759296822
1753375,5423375,209.121148459384
1753625,5423375,213.689431913116
1753875,5423375,28.75
1744875,5423625,2.31884057971015
1747125,5423625,3.68421052631579
1747375,5423625,173.39552238806
1747625,5423625,176.169154228856
1747875,5423625,25.530303030303
1748375,5423625,51.4925373134328
1748625,5423625,243.790350572718
1749625,5423625,191.049973418395
1749875,5423625,262.107220428989
1750125,5423625,306.138330912844
1750375,5423625,302.457264957265
1750625,5423625,112.142857142857
1750875,5423625,21.25
1751125,5423625,51.9291666666667
1751375,5423625,50
1751625,5423625,236.422665190107
1751875,5423625,254.534692494357
1752125,5423625,248.269571281209
1752375,5423625,241.315418135186
1752625,5423625,260.539024647897
1752875,5423625,199.795822371139
1753125,5423625,135.88441890166
1753375,5423625,237.351364522417
1753625,5423625,255.166408668731
1753875,5423625,15.9722222222222
1743375,5423875,2.31884057971015
1747125,5423875,1.84210526315789
1747375,5423875,175.753428062883
1747625,5423875,255.459646566349
1747875,5423875,228.321322985957
1748125,5423875,9.73880597014925
1748375,5423875,271.269253404391
1748625,5423875,403.423663856076
1748875,5423875,563.346288123313
1749625,5423875,268.97496666484
1749875,5423875,290.52913958699
1750125,5423875,325.624731182796
1750375,5423875,223.969067135051
1750625,5423875,87.7257351027843
1750875,5423875,243.526573173129
1751125,5423875,144.4
1751375,5423875,111.395348837209
1751625,5423875,299.618863049095
1751875,5423875,270.9703249688
1752125,5423875,294.354146932211
1752375,5423875,253.391859852476
1752625,5423875,231.018070729487
1752875,5423875,161.550643031498
1753125,5423875,228.199166809336
1753375,5423875,202.446623093682
1753625,5423875,20.5882352941176
1742875,5424125,2.31884057971015
1747125,5424125,4.70588235294118
1747375,5424125,53.7794206847177
1747625,5424125,186.946226820416
1747875,5424125,256.563458779384
1748125,5424125,88.6794672202041
1748375,5424125,436.412838491296
1748625,5424125,618.59525508324
1748875,5424125,477.127145628495
1749125,5424125,26.3816878102592
1749625,5424125,77.5949367088608
1749875,5424125,229.882746354834
1750125,5424125,342.755038254217
1750375,5424125,379.038826729518
1750625,5424125,357.659856241693
1750875,5424125,325.200777287399
1751125,5424125,142.317647058824
1751375,5424125,74.2257515598412
1751625,5424125,251.407323375559
1751875,5424125,270.845673933909
1752125,5424125,313.4514821665
1752375,5424125,236.571987334699
1752625,5424125,127.450255592077
1752875,5424125,151.775091895855
1753125,5424125,171.734185800821
1753375,5424125,3
1744875,5424375,2.31884057971015
1747125,5424375,97.661406025825
1747375,5424375,64.6749226006192
1747625,5424375,220.438587473335
1747875,5424375,172.456747556768
1748125,5424375,49
1748375,5424375,28.7256205673759
1748625,5424375,282.494286570137
1748875,5424375,251.464688040074
1749125,5424375,780.460767901808
1749375,5424375,407.386159379829
1749625,5424375,82.4242424242425
1749875,5424375,246.753113618419
1750125,5424375,222.802863493943
1750375,5424375,165.15166539287
1750625,5424375,203.80839247247
1750875,5424375,108.949237689117
1751125,5424375,12.4705882352941
1751375,5424375,10
1751625,5424375,30
1751875,5424375,265.440167675462
1752125,5424375,235.070730478298
1752375,5424375,244.418831168831
1752625,5424375,191.698208450047
1752875,5424375,238.908144874706
1753125,5424375,16.697247706422
1745125,5424625,2.31884057971015
1747125,5424625,108.220946915352
1747375,5424625,89.3881148950808
1747625,5424625,80.1785105709867
1747875,5424625,167.426972199279
1748125,5424625,164.484092074293
1748375,5424625,4.09638554216868
1748625,5424625,181.098573459933
1748875,5424625,519.689319559717
1749125,5424625,467.580706643774
1749375,5424625,532.065527148652
1749625,5424625,198.175935828877
1749875,5424625,300.324275710824
1750125,5424625,118.766404702575
1750375,5424625,261.127819548872
1750625,5424625,94
1751875,5424625,138.012946331862
1752125,5424625,200.887826391537
1752375,5424625,121.271367521368
1752625,5424625,259.321869643136
1752875,5424625,181.483199588501
1741875,5424875,2.31884057971015
1745625,5424875,23.1884057971014
1747125,5424875,113.058823529412
1747375,5424875,75.5065359477125
1747625,5424875,154.346246973365
1747875,5424875,269.501956523545
1748125,5424875,220.917216910215
1748375,5424875,55.3012048192771
1748625,5424875,446.483975519111
1748875,5424875,671.730808661053
1749125,5424875,780.851093773606
1749375,5424875,631.922498530051
1749625,5424875,436.602589453861
1749875,5424875,254.90202020202
1750125,5424875,132.558080808081
1750375,5424875,6
1751625,5424875,22.343404568902
1751875,5424875,182.811782493856
1752125,5424875,317.110233995975
1752375,5424875,296.0646991897
1752625,5424875,251.306674080166
1752875,5424875,166.660563620196
1753125,5424875,60.9677419354839
1757625,5424875,3.80952380952381
1740875,5425125,2.38095238095238
1741125,5425125,2.31884057971015
1747125,5425125,218.605842336935
1747375,5425125,147.87193627451
1747625,5425125,176.722333861081
1747875,5425125,225.304962686035
1748125,5425125,282.369433948163
1748375,5425125,63.1944922547332
1748625,5425125,523.325057759408
1748875,5425125,685.351138190935
1749125,5425125,370.211095667134
1749375,5425125,541.109062422759
1749625,5425125,237.730154530578
1749875,5425125,161.590909090909
1750125,5425125,322.663335710293
1750375,5425125,164.673252467582
1751625,5425125,10.8695652173913
1751875,5425125,350.308269505755
1752125,5425125,345.794404967235
1752375,5425125,248.849400301013
1752625,5425125,245.842170249522
1752875,5425125,216.956082400488
1753125,5425125,107.176928613492
1757875,5425125,4.73118279569892
1741125,5425375,2.31884057971015
1744875,5425375,2.31884057971015
1746875,5425375,95.952380952381
1747125,5425375,153.625612482755
1747375,5425375,263.080050031269
1747625,5425375,238.688075194497
1747875,5425375,239.333136763478
1748125,5425375,128.010582010582
1748375,5425375,8.14285714285714
1748625,5425375,219.328100775194
1748875,5425375,206.573737373737
1749125,5425375,9.8993372514693
1749375,5425375,240.257959053486
1749625,5425375,48.6956521739131
1749875,5425375,14.4753086419753
1750125,5425375,267.458831887364
1750375,5425375,335.626883026111
1750625,5425375,2.28915662650602
1751875,5425375,98.0719092893006
1752125,5425375,307.662004662005
1752375,5425375,93.1216931216931
1752625,5425375,68.8001675068017
1752875,5425375,267.018622148405
1753125,5425375,141.407810380013
1753375,5425375,43.8765294771969
1757875,5425375,21.2903225806452
1742625,5425625,2.31884057971015
1742875,5425625,4.63768115942029
1746625,5425625,68.2769230769231
1746875,5425625,139.981684981685
1747125,5425625,119.189019935289
1747375,5425625,226.107567229519
1747625,5425625,300.753023812197
1747875,5425625,264.326845798012
1748125,5425625,158.081824279007
1748375,5425625,170
1748625,5425625,585.091976296796
1748875,5425625,258.325757575757
1749125,5425625,40.9090909090909
1750125,5425625,443.36837533483
1750375,5425625,315.883521746663
1750625,5425625,87.2727272727273
1752125,5425625,281.424864683339
1752375,5425625,174.477688390732
1752625,5425625,197.705917566459
1752875,5425625,263.130884265212
1753125,5425625,202.875147040651
1753375,5425625,47.4137931034483
1757875,5425625,9.46236559139785
1758125,5425625,120.645161290322
1758375,5425625,119.201228878648
1758625,5425625,2.14285714285714
1741125,5425875,4.69979296066253
1742875,5425875,9.27536231884058
1743125,5425875,9.27536231884058
1744875,5425875,2.31884057971015
1745125,5425875,2.31884057971015
1746375,5425875,14.4
1746625,5425875,102.707692307692
1746875,5425875,86.5437265437266
1747125,5425875,150.924676372438
1747375,5425875,261.571199234312
1747625,5425875,298.512988153399
1747875,5425875,275.569001476669
1748125,5425875,14.7619047619048
1748375,5425875,272.849965349965
1748625,5425875,720.422711296998
1748875,5425875,600.262595591543
1749875,5425875,7.77777777777778
1750125,5425875,220.427388915237
1750375,5425875,364.815223700935
1750625,5425875,261.499443804677
1750875,5425875,142.907509157509
1752125,5425875,56.1871468926553
1752375,5425875,223.46284880464
1752625,5425875,157.344300822562
1752875,5425875,284.106481781464
1753125,5425875,201.170632418963
1753375,5425875,34.9363977034414
1758125,5425875,43.3364055299539
1758375,5425875,294.714285714286
1758625,5425875,40.4761904761905
1741125,5426125,2.31884057971015
1741375,5426125,2.31884057971015
1743375,5426125,4.63768115942029
1743625,5426125,2.31884057971015
1743875,5426125,2.31884057971015
1746875,5426125,52.3095823095823
1747125,5426125,129.980193551622
1747375,5426125,275.905009276438
1747625,5426125,358.044164169164
1747875,5426125,128.015530629853
1748125,5426125,10.4761904761905
1748375,5426125,534.523292248291
1748625,5426125,254.087179487179
1748875,5426125,443.738892686261
1749125,5426125,244.392076502733
1749375,5426125,100.990566037736
1749625,5426125,47.3170731707317
1749875,5426125,36.2962962962963
1750125,5426125,340.815151032542
1750375,5426125,406.408654666719
1750625,5426125,332.788487165148
1750875,5426125,227.660714285714
1751125,5426125,245.64010989011
1752375,5426125,233.276140298557
1752625,5426125,91.64095371669
1752875,5426125,195.004391743522
1753125,5426125,123.014716062616
1753375,5426125,15.0980392156863
1758375,5426125,157.555183946488
1758625,5426125,127.021739130435
1741375,5426375,4.69979296066253
1741625,5426375,2.31884057971015
1743375,5426375,4.63768115942029
1743625,5426375,2.31884057971015
1744125,5426375,2.31884057971015
1747125,5426375,2.56756756756757
1747375,5426375,183.842706798804
1747625,5426375,234.378764528155
1748125,5426375,280.937799043062
1748375,5426375,425.946316025313
1748625,5426375,168.496634255796
1748875,5426375,508.095238095238
1749125,5426375,125.893062142138
1749375,5426375,726.708764115384
1749625,5426375,457.367535744323
1750125,5426375,150.72414690334
1750375,5426375,295.763440860215
1750625,5426375,373.566493070378
1750875,5426375,307.90812132948
1751125,5426375,123.129579004921
1752375,5426375,63.7067448680352
1753125,5426375,78.6928104575163
1753375,5426375,71.5359477124183
1758375,5426375,49.006993006993
1758625,5426375,250.231075941602
1758875,5426375,47.9649122807017
1741375,5426625,4.69979296066253
1744125,5426625,66.436911487759
1744375,5426625,6.22222222222222
1746875,5426625,14.034749034749
1747125,5426625,37.5933075933076
1747375,5426625,9.1529334212261
1747625,5426625,210.883468834689
1747875,5426625,77.6861814345992
1748125,5426625,789.455732863628
1748375,5426625,1171.04889296813
1748625,5426625,425.146727884197
1748875,5426625,286.339544513457
1749125,5426625,83.7719298245614
1749375,5426625,671.768854020997
1749625,5426625,718.076949868453
1749875,5426625,51.9506834628786
1750125,5426625,27.1764705882353
1750375,5426625,277.873633008358
1750625,5426625,214.640196508229
1750875,5426625,212.101135024207
1751125,5426625,100.995693888343
1753125,5426625,16.6666666666667
1753375,5426625,25
1758625,5426625,156.605901116428
1758875,5426625,87.8141945773525
1741125,5426875,4.76190476190476
1741375,5426875,2.31884057971015
1744125,5426875,32.0480225988701
1744375,5426875,195.310137338662
1746625,5426875,13.1428571428571
1746875,5426875,105.84912776992
1747125,5426875,139.881544911248
1747375,5426875,13.7837837837838
1747625,5426875,255.894892113478
1747875,5426875,617.89939146394
1748125,5426875,751.435494913358
1748375,5426875,611.893710172479
1748625,5426875,926.831840075775
1748875,5426875,917.341540177198
1749125,5426875,744.940809968848
1749375,5426875,518.382799145299
1749625,5426875,742.563038418219
1749875,5426875,296.761904761905
1750375,5426875,103.962684581402
1750625,5426875,202.148100013925
1750875,5426875,190.666523533427
1751125,5426875,32.1428571428571
1752625,5426875,2.54545454545455
1758625,5426875,124.646153846154
1758875,5426875,65.7
1741125,5427125,2.38095238095238
1741375,5427125,4.69979296066253
1744125,5427125,116.944444444444
1744375,5427125,352.992429899731
1744625,5427125,47.8063241106719
1745625,5427125,2.66666666666667
1745875,5427125,96.808510638298
1746125,5427125,222.990995289762
1746375,5427125,42.8571428571429
1746625,5427125,2.19047619047619
1746875,5427125,177.949080622348
1747125,5427125,147.019703917681
1747375,5427125,119.676248154509
1747625,5427125,249.633478115603
1747875,5427125,633.246721873359
1748125,5427125,479.739646590849
1748375,5427125,508.134785248562
1748625,5427125,749.141453762995
1748875,5427125,1395.02871709512
1749125,5427125,832.266681580513
1749375,5427125,330.09886840862
1749625,5427125,686.360371386771
1749875,5427125,331.416708146673
1750125,5427125,79.6832602199758
1750375,5427125,149.723703411342
1750625,5427125,202.199418466806
1750875,5427125,187.881659318693
1758625,5427125,185.892378263938
1758875,5427125,124.199082568807
1741375,5427375,4.69979296066253
1743875,5427375,159.635189669088
1744125,5427375,236.521284466425
1744375,5427375,212.645162434074
1744625,5427375,190.079365079365
1744875,5427375,51.4285714285714
1745375,5427375,129.45641025641
1745625,5427375,174.2
1745875,5427375,240.467308420597
1746125,5427375,169.356044870957
1746375,5427375,110.139032927146
1746625,5427375,2.58620689655172
1746875,5427375,38.4863221884498
1747125,5427375,325.642923219241
1747375,5427375,226.378959547322
1747625,5427375,281.63509131251
1747875,5427375,366.727397260274
1748125,5427375,226.788655176507
1748375,5427375,1048.75093407139
1748625,5427375,1629.21828352805
1748875,5427375,813.186150742201
1749125,5427375,461.110260770975
1749375,5427375,120.482374768089
1749625,5427375,121.47636520613
1749875,5427375,300.974040576272
1750125,5427375,302.421918857024
1750375,5427375,310.675117650958
1750625,5427375,190.094414108226
1750875,5427375,231.323671497585
1751125,5427375,7.33333333333333
1758625,5427375,3.85321100917431
1758875,5427375,149.487464678277
1741375,5427625,4.69979296066253
1741625,5427625,2.31884057971015
1743625,5427625,48.8571428571429
1743875,5427625,187.879554028943
1744125,5427625,157.103645294918
1744375,5427625,283.778135894375
1744625,5427625,250.963181230459
1744875,5427625,212.33078033078
1745125,5427625,52.6923076923077
1745375,5427625,243.484432945714
1745625,5427625,238.194529564486
1745875,5427625,203.480761532059
1746125,5427625,197.872347868675
1746375,5427625,205.609661997838
1746625,5427625,83.0554835364273
1746875,5427625,102.457446808511
1747125,5427625,251.834246542849
1747375,5427625,385.579291607776
1747625,5427625,307.592440019
1747875,5427625,374.02199354318
1748125,5427625,52.6993197278912
1748375,5427625,855.770329739276
1748625,5427625,280.751297656734
1748875,5427625,90.6187917277316
1749375,5427625,30
1749625,5427625,121.558441558442
1750375,5427625,16.5
1750625,5427625,149.725955204216
1750875,5427625,440.428714017648
1751125,5427625,12.1487603305785
1741625,5427875,4.69979296066253
1743875,5427875,270.878599161957
1744125,5427875,240.671341478108
1744375,5427875,111.921404973048
1744625,5427875,226.620566252434
1744875,5427875,313.035877364644
1745125,5427875,259.106425702811
1745375,5427875,219.276690499541
1745625,5427875,160.958333804906
1745875,5427875,200.165373629245
1746125,5427875,256.621502941422
1746375,5427875,198.269042170644
1746625,5427875,161.270791160594
1746875,5427875,95.129957047248
1747125,5427875,271.209350527357
1747375,5427875,250.678340342708
1747625,5427875,234.632807944318
1747875,5427875,342.817813854035
1748125,5427875,158.47619047619
1748375,5427875,537.906598664492
1748625,5427875,704.260895127283
1748875,5427875,8.22222222222222
1750875,5427875,8.67768595041322
1741625,5428125,7.08074534161491
1741875,5428125,4.69979296066253
1743625,5428125,2.69230769230769
1743875,5428125,188.273171106754
1744125,5428125,197.734836285561
1744375,5428125,29.625
1744625,5428125,218.115154109589
1744875,5428125,217.830454894536
1745125,5428125,269.220899725718
1745375,5428125,240.811968394714
1745625,5428125,167.414908579466
1745875,5428125,86.9356725146199
1746125,5428125,116.216628527841
1746375,5428125,181.088902096263
1746625,5428125,254.285370879121
1746875,5428125,89.9391534391535
1747125,5428125,212.718203435901
1747375,5428125,365.026389933076
1747625,5428125,140.613588343373
1747875,5428125,108.108239522224
1748125,5428125,132.917956328175
1748375,5428125,536.161190403887
1748625,5428125,920.806061820908
1748875,5428125,58.3809523809524
1741875,5428375,7.08074534161491
1743875,5428375,35.8829844337091
1744125,5428375,11.358024691358
1744375,5428375,97.7818784766795
1744625,5428375,196.678312782358
1744875,5428375,248.406170500136
1745125,5428375,77.5448669859773
1745375,5428375,227.523020561177
1745625,5428375,188.72009569378
1745875,5428375,134.784688995215
1746125,5428375,170.608946608947
1746375,5428375,218.168088130775
1746625,5428375,180.916289090263
1746875,5428375,181.337082322998
1747125,5428375,296.781006512039
1747375,5428375,271.893349418303
1747625,5428375,136.790347690711
1747875,5428375,15.3658536585366
1748125,5428375,13.3707865168539
1748375,5428375,353.771251186982
1748625,5428375,151.304247645762
1748875,5428375,73.3749999999999
1741875,5428625,2.31884057971015
1743375,5428625,5.38461538461539
1743625,5428625,8.07692307692308
1743875,5428625,2.83950617283951
1744375,5428625,64.66837826273
1744625,5428625,170.987431372976
1744875,5428625,154.871579144739
1745125,5428625,136.208597603946
1745375,5428625,236.205444119393
1745625,5428625,195.257421470792
1745875,5428625,231.786188042837
1746125,5428625,152.077720728884
1746375,5428625,219.206722778465
1746625,5428625,207.186313260482
1746875,5428625,125.566930997751
1747125,5428625,253.727030648366
1747375,5428625,221.522132065855
1747625,5428625,205.389105119951
1747875,5428625,268.270240943056
1748125,5428625,73.670374115268
1748375,5428625,159.84126984127
1748625,5428625,78.3359385504907
1748875,5428625,20.4166666666667
1749125,5428625,75
1742125,5428875,7.01863354037267
1743125,5428875,4.63768115942029
1744625,5428875,119.756097560976
1744875,5428875,137.113821138211
1745125,5428875,47.799043062201
1745375,5428875,261.080213518588
1745625,5428875,44.5569620253165
1745875,5428875,56.4864864864865
1746125,5428875,185.692064086423
1746375,5428875,233.579845190026
1746625,5428875,80.475083313958
1746875,5428875,47.0588235294118
1747125,5428875,201.309268600252
1747375,5428875,211.066598360656
1747625,5428875,213.805938825229
1747875,5428875,48.7488908606921
1748125,5428875,374.38984289368
1748375,5428875,354.543521112148
1748625,5428875,60
1748875,5428875,88.8309430682312
1749125,5428875,126.553672316384
1744875,5429125,5
1745125,5429125,2.63157894736842
1745375,5429125,110.042674253201
1746125,5429125,16.5957446808511
1746375,5429125,120.552365326771
1747125,5429125,32.1153846153846
1747375,5429125,179.008152173913
1747625,5429125,138.635392543788
1748375,5429125,294.977303611184
1748625,5429125,208.20499396481
1748875,5429125,54.6456764417807
1749125,5429125,238.366057125447
1749375,5429125,233.308798929407
1745125,5429375,8.07692307692308
1747125,5429375,203.644851455282
1747375,5429375,228.669597785377
1747625,5429375,115.561009817672
1748375,5429375,66.6315789473684
1748625,5429375,399.823233760076
1748875,5429375,296.000475629443
1749125,5429375,191.06346483705
1749375,5429375,238.155019583591
1742375,5429625,4.76190476190476
1742875,5429625,2.69230769230769
1746875,5429625,72.5861492137839
1747125,5429625,235.129225854518
1747375,5429625,195.171881829635
1747625,5429625,104.999945921552
1748625,5429625,106.636036036036
1748875,5429625,330.602496472376
1749125,5429625,199.184486380694
1749375,5429625,51.1111111111111
1742625,5429875,2.31884057971015
1742875,5429875,18.8461538461539
1746875,5429875,48.2698751142248
1747125,5429875,209.418796866391
1747375,5429875,146.157894736842
1747625,5429875,201.506201400938
1747875,5429875,186.829836829837
1748125,5429875,72.2727272727273
1748875,5429875,130.713253012048
1749125,5429875,409.469847968403
1742375,5430125,2.38095238095238
1742625,5430125,5.08474576271186
1742875,5430125,18.096479791395
1743125,5430125,2.69230769230769
1746875,5430125,13.0612244897959
1747125,5430125,9.79591836734694
1747375,5430125,18.7301587301587
1747625,5430125,159.334821428571
1747875,5430125,209.878992535242
1748125,5430125,199.575098814229
1748375,5430125,17.3053589484328
1748875,5430125,44.4300144300144
1749125,5430125,150.724025290067
1749375,5430125,6.66666666666667
1743125,5430375,12.7118644067797
1743375,5430375,20.9387222946545
1747375,5430375,2.53968253968254
1747625,5430375,38.0952380952381
1747875,5430375,195.619047619048
1748125,5430375,137.380434782609
1748375,5430375,185.453921710241
1748625,5430375,217.57984496124
1748875,5430375,176.370869274095
1749125,5430375,164.406327693752
1749375,5430375,118.507984754185
1742125,5430625,2.38095238095238
1743375,5430625,20.638852672751
1747375,5430625,152.516393442623
1747625,5430625,55.483606557377
1747875,5430625,131.981032665964
1748125,5430625,159.838928195093
1748375,5430625,195.116279069767
1748625,5430625,249.758039509877
1748875,5430625,231.936570955926
1749125,5430625,180.442841880342
1749375,5430625,238.647327596416
1749625,5430625,73.9337524177949
1742875,5430875,2.54237288135593
1743375,5430875,5.08474576271186
1743625,5430875,5.08474576271186
1743875,5430875,2.69230769230769
1747375,5430875,61.879746835443
1747625,5430875,218.2
1747875,5430875,42
1748125,5430875,2.46575342465753
1748375,5430875,7.05882352941176
1748625,5430875,201.441176470588
1748875,5430875,252.742612942613
1749125,5430875,137.568376068376
1749375,5430875,119.863636363636
1749625,5430875,60.4545454545454
1749875,5430875,88.0909090909091
1750125,5430875,5.09090909090909
1743625,5431125,2.69230769230769
1747375,5431125,6.07594936708861
1747625,5431125,141.504414942884
1747875,5431125,170.465853658537
1748125,5431125,12
1748375,5431125,74.4
1748625,5431125,20.25
1748875,5431125,43.1196581196581
1749125,5431125,18
1749375,5431125,22
1749625,5431125,2.5
1749875,5431125,89.421052631579
1750125,5431125,102.133971291866
1750375,5431125,10
1743625,5431375,10.7692307692308
1747375,5431375,109.367088607595
1747625,5431375,145.47442626325
1747875,5431375,120.220480061943
1748125,5431375,88.5058175137784
1748375,5431375,194.742069810165
1748625,5431375,191.879395218003
1748875,5431375,87.7850756838099
1749125,5431375,63.7692307692308
1749375,5431375,44.6923076923077
1749625,5431375,63.6434511434511
1749875,5431375,167.339971550498
1750125,5431375,148.684210526316
1750375,5431375,10.9090909090909
1750625,5431375,81.8181818181819
1750875,5431375,2.72727272727273
1743625,5431625,5.38461538461539
1747125,5431625,21
1747375,5431625,109.5
1747625,5431625,107.444444444444
1747875,5431625,68.4390243902439
1748125,5431625,195.90578766718
1748375,5431625,151.50234741784
1748625,5431625,194.788623628286
1748875,5431625,226.60295744262
1749125,5431625,152.818181818182
1749375,5431625,87.1486486486486
1749625,5431625,193.181520217234
1749875,5431625,215.682873466708
1750125,5431625,142.308494729547
1750375,5431625,74.2464114832536
1750625,5431625,106.335227272727
1750875,5431625,134.799679487179
1751125,5431625,11.0290806754221
1747125,5431875,39
1747375,5431875,37.5
1747875,5431875,10.6666666666667
1748125,5431875,181.542694497154
1748375,5431875,148.55403752899
1748625,5431875,167.797017797018
1748875,5431875,238.801877635211
1749125,5431875,203.762647262647
1749375,5431875,236.402408402409
1749625,5431875,123.462442319585
1749875,5431875,250.024236115851
1750125,5431875,217.20738719709
1750375,5431875,141.645833333333
1750625,5431875,111.623134328358
1750875,5431875,101.143341643127
1751125,5431875,146.145952483063
1751375,5431875,44.9850746268657
1743625,5432125,7.92698826597132
1743875,5432125,8.07692307692308
1747875,5432125,69.2039800995025
1748125,5432125,206.690914926832
1748375,5432125,181.45588050776
1748625,5432125,117.828062678063
1748875,5432125,188.037285689828
1749125,5432125,239.717776647973
1749375,5432125,227.066924303766
1749625,5432125,143.373995448995
1749875,5432125,251.305641821946
1750125,5432125,192.851966873706
1750375,5432125,190.801988348531
1750625,5432125,135.36896633852
1750875,5432125,270.624546445188
1751125,5432125,305.251718234574
1751375,5432125,191.126544004117
1751625,5432125,40
1748125,5432375,107.47263681592
1748375,5432375,223.6897287893
1748625,5432375,140.90641025641
1748875,5432375,128.983021216072
1749125,5432375,152.43608201503
1749375,5432375,164.212204424104
1749625,5432375,192.7319044703
1749875,5432375,164.728311359012
1750125,5432375,180.989277951303
1750375,5432375,209.876380754689
1750625,5432375,159.337928695636
1750875,5432375,100.158266480642
1751125,5432375,199.559072922555
1751375,5432375,179.812725167267
1751625,5432375,38.875
1751875,5432375,1.93548387096774
1752125,5432375,23.2258064516129
1743625,5432625,2.54237288135593
1743875,5432625,2.69230769230769
1748125,5432625,97.6779964221825
1748375,5432625,214.913795727749
1748625,5432625,196.225164558498
1748875,5432625,236.80994980995
1749125,5432625,257.545331284462
1749375,5432625,87.0988379684032
1749625,5432625,57.4647887323943
1749875,5432625,127.935110663984
1750125,5432625,146.123303029029
1750375,5432625,178.864706697371
1750625,5432625,245.191590950769
1750875,5432625,175.942710657924
1751125,5432625,7.2
1752125,5432625,29.0322580645161
1752375,5432625,1.93548387096774
1743875,5432875,5.23468057366362
1744625,5432875,2.69230769230769
1748125,5432875,110.25641025641
1748375,5432875,31.1988911988912
1748625,5432875,158.022113022113
1748875,5432875,155.314307314307
1749125,5432875,96.2920847268674
1749625,5432875,26.7857142857143
1749875,5432875,42.8571428571429
1750125,5432875,178.450047752373
1750375,5432875,225.452584866833
1750625,5432875,214.76528271065
1750875,5432875,126.08896670901
1751125,5432875,40.7157894736842
1751625,5432875,1.93548387096774
1743125,5433125,2.54237288135593
1743375,5433125,2.54237288135593
1744125,5433125,5.38461538461539
1748625,5433125,23.7837837837838
1748875,5433125,28.2555282555283
1750125,5433125,51.843344070815
1750375,5433125,157.253738991801
1750625,5433125,160.176189915708
1751875,5433125,12.7941176470588
1742875,5433375,2.54237288135593
1743375,5433375,2.54237288135593
1744375,5433375,5.38461538461539
1744875,5433375,2.69230769230769
1750125,5433375,136.923076923077
1750375,5433375,219.23572954823
1750625,5433375,146.87161377709
1750875,5433375,1.93548387096774
1751375,5433375,17.0588235294118
1751625,5433375,83.1617647058823
1751875,5433375,17.0588235294118
1752875,5433375,5.28301886792453
1753125,5433375,5.28301886792453
1753375,5433375,2.64150943396226
1743125,5433625,2.54237288135593
1743375,5433625,2.54237288135593
1743625,5433625,2.54237288135593
1750125,5433625,143.948717948718
1750375,5433625,213.316934023831
1750625,5433625,187.234000119663
1750875,5433625,192.558139534884
1751125,5433625,35.5384615384615
1751375,5433625,21.6
1751625,5433625,23.4558823529412
1751875,5433625,123.676470588235
1752125,5433625,2.13235294117647
1752375,5433625,69.6774193548387
1752625,5433625,94.199671701802
1752875,5433625,23.7735849056604
1753125,5433625,7.92452830188679
1753375,5433625,2.64150943396226
1758625,5433625,2.55102040816327
1743625,5433875,2.69230769230769
1744375,5433875,2.69230769230769
1744625,5433875,5.38461538461539
1745375,5433875,2.69230769230769
1750125,5433875,143.948717948718
1750375,5433875,197.109195402299
1750625,5433875,37.8003031451307
1750875,5433875,10.5824175824176
1751125,5433875,199.649846881538
1751375,5433875,100.062994025959
1751625,5433875,2.53333333333333
1751875,5433875,17.6836349924585
1752125,5433875,97.8584440227703
1752375,5433875,147.065305566898
1752625,5433875,220.510105927827
1752875,5433875,131.508341526601
1753125,5433875,5.28301886792453
1757875,5433875,32.9022465088039
1758125,5433875,148.596078431372
1758375,5433875,342.12134084403
1758625,5433875,172.496075353218
1758875,5433875,3.2
1743625,5434125,2.54237288135593
1743875,5434125,2.69230769230769
1746875,5434125,3
1750125,5434125,95.1528816011574
1750375,5434125,211.315308254963
1750625,5434125,28.8880925837448
1750875,5434125,31.2910176779742
1751125,5434125,185.389345969476
1751375,5434125,253.532168957165
1751625,5434125,136.4418592885
1751875,5434125,110.000177788313
1752125,5434125,175.663554092966
1752375,5434125,179.747019076728
1752625,5434125,254.831250227434
1752875,5434125,245.542967670627
1753125,5434125,138.513546138562
1753375,5434125,91.4730221780867
1753625,5434125,11.2280701754386
1753875,5434125,40.9090909090909
1754125,5434125,35.4545454545455
1754375,5434125,2.2
1757375,5434125,80.7672708445254
1757625,5434125,230.537888037888
1757875,5434125,328.571290579488
1758125,5434125,302.946712382585
1758375,5434125,276.658576245498
1758625,5434125,241.758089546708
1758875,5434125,12.8
1743625,5434375,2.54237288135593
1745125,5434375,2.69230769230769
1745875,5434375,2.69230769230769
1746875,5434375,4.5
1750125,5434375,76.7257318952234
1750375,5434375,246.279256847261
1750625,5434375,250.266240347742
1750875,5434375,284.742862735834
1751125,5434375,256.480243381553
1751375,5434375,319.999236480807
1751625,5434375,195.125739061884
1751875,5434375,261.291168329304
1752125,5434375,257.643433672846
1752375,5434375,265.409848509374
1752625,5434375,229.723533795873
1752875,5434375,299.599495637647
1753125,5434375,284.253559430491
1753375,5434375,235.36373613773
1753625,5434375,229.533789539207
1753875,5434375,187.916666666667
1754125,5434375,43.6363636363636
1756625,5434375,2.8
1756875,5434375,5.6
1757125,5434375,121.459665144597
1757375,5434375,344.624574087566
1757625,5434375,290.021756021756
1757875,5434375,387.32126371183
1758125,5434375,359.696542448639
1758375,5434375,294.855182602283
1758625,5434375,5.85365853658537
1743875,5434625,13.1616688396349
1745375,5434625,2.69230769230769
1750125,5434625,21.6949152542373
1750375,5434625,233.354441718704
1750625,5434625,173.027823840423
1750875,5434625,211.092901618929
1751125,5434625,156.120570192859
1751375,5434625,152.35878885256
1751625,5434625,126.597441410938
1751875,5434625,189.135614385614
1752125,5434625,205.423574835339
1752375,5434625,242.646039470715
1752625,5434625,207.032143650397
1752875,5434625,47.0899470899471
1753125,5434625,259.846976162766
1753375,5434625,262.337815126051
1753625,5434625,185.876062705784
1753875,5434625,51.578947368421
1755875,5434625,4
1756625,5434625,4.2
1757125,5434625,220.625000000001
1757375,5434625,520.184342245689
1757625,5434625,244.668074126202
1757875,5434625,110.160681169867
1758125,5434625,210.074870542815
1758375,5434625,257.800406196878
1758625,5434625,48.9879868947943
1758875,5434625,1.28654970760234
1743875,5434875,18.6962190352021
1745375,5434875,2.69230769230769
1747125,5434875,1.5
1747375,5434875,4.38135593220339
1750125,5434875,50.5250448356867
1750375,5434875,179.27972983501
1750625,5434875,254.817030394699
1750875,5434875,202.58648018648
1751125,5434875,222.325721153846
1751375,5434875,2.91666666666667
1751625,5434875,187.377269998109
1751875,5434875,203.644272053083
1752125,5434875,283.943733624486
1752375,5434875,264.925137940277
1752625,5434875,278.324491600354
1752875,5434875,159.863885156989
1753125,5434875,287.736139948004
1753375,5434875,214.030840952622
1753625,5434875,26.4
1755125,5434875,1.81818181818182
1755875,5434875,4
1756125,5434875,2.78688524590164
1756375,5434875,5.57377049180328
1756875,5434875,2.8
1757125,5434875,51.1891509433962
1757375,5434875,64.1969033575318
1757625,5434875,217.143184315469
1757875,5434875,17.3982998438204
1758125,5434875,213.885780561941
1758375,5434875,284.255872459923
1758625,5434875,218.810104850634
1758875,5434875,34.5938921377518
1743625,5435125,20.3389830508475
1747375,5435125,2.88135593220339
1747625,5435125,13.1440677966102
1749875,5435125,3.11475409836066
1750125,5435125,216.73483893156
1750375,5435125,224.252347371729
1750625,5435125,313.813660900503
1750875,5435125,258.346999244886
1751125,5435125,414.773377821701
1751375,5435125,488.709079004801
1751625,5435125,111.036894390383
1751875,5435125,167.029616744009
1752125,5435125,179.588528225074
1752375,5435125,236.16650828846
1752625,5435125,146.637426900585
1752875,5435125,313.735046398739
1753125,5435125,164.540767437302
1753375,5435125,252.762203168554
1753625,5435125,162.873286052009
1753875,5435125,2.55555555555556
1755125,5435125,3.63636363636364
1755375,5435125,5.45454545454545
1756125,5435125,50.1639344262295
1756375,5435125,89.3043715846995
1756625,5435125,58.6174863387978
1756875,5435125,29.0322580645161
1757125,5435125,160.301886792453
1757375,5435125,147.202122641509
1757625,5435125,230.377449852779
1757875,5435125,31.5151515151515
1758125,5435125,50.849478390462
1758375,5435125,273.976111412441
1758625,5435125,262.584093239581
1758875,5435125,304.212935127205
1743625,5435375,55.1890482398957
1743875,5435375,2.69230769230769
1747375,5435375,2.88135593220339
1747625,5435375,5.88135593220339
1750125,5435375,61.5762925598991
1750375,5435375,225.309065934066
1750625,5435375,295.494264507422
1750875,5435375,209.421300031504
1751125,5435375,184.668534688569
1751375,5435375,193.265640297208
1751625,5435375,190.337801009988
1751875,5435375,202.400458069063
1752125,5435375,109.218400646972
1752375,5435375,202.413570556428
1752625,5435375,244.622956875058
1752875,5435375,18.6687306501548
1753125,5435375,24.4444444444444
1753375,5435375,157.228195937873
1753625,5435375,210.550485182271
1753875,5435375,55.8834688346884
1754125,5435375,4.97560975609756
1755125,5435375,3.63636363636364
1755375,5435375,5.83636363636364
1755625,5435375,1.81818181818182
1756125,5435375,28.8
1756375,5435375,93.2868852459017
1756625,5435375,56.6666666666667
1756875,5435375,145.86748038361
1757125,5435375,59.3199651264168
1757375,5435375,35.8972972972973
1757625,5435375,63.8783216783216
1757875,5435375,30.2325581395349
1758125,5435375,13.953488372093
1758375,5435375,89.504410585405
1758625,5435375,260.580090618337
1758875,5435375,300.378443900698
1747625,5435625,2.88135593220339
1749125,5435625,3
1750125,5435625,58.4615384615385
1750375,5435625,248.1221001221
1750625,5435625,306.64325951826
1750875,5435625,295.053832067708
1751125,5435625,192.896908109508
1751375,5435625,206.425204425671
1751625,5435625,254.656726714418
1751875,5435625,165.561815478737
1752125,5435625,172.000449308482
1752375,5435625,231.681906402056
1752625,5435625,248.519249922191
1753125,5435625,2.85714285714286
1753375,5435625,200.476190476191
1753625,5435625,218.446853357423
1753875,5435625,218.926829268293
1754125,5435625,92.0487804878048
1755125,5435625,6.6
1756125,5435625,14.4
1756375,5435625,49.0666666666667
1756625,5435625,78.2205513784461
1756875,5435625,127.51774816291
1757125,5435625,77.5289575289575
1757375,5435625,28.1100261551874
1757625,5435625,170.825806451613
1757875,5435625,2.32558139534884
1758125,5435625,149.12904934106
1758375,5435625,252.536812719901
1758625,5435625,313.688216034766
1758875,5435625,177.88483154115
1748125,5435875,4.38135593220339
1748375,5435875,1.5
1748875,5435875,3
1749125,5435875,4.5
1750125,5435875,3
1750375,5435875,3.07692307692308
1750625,5435875,98.4279556650246
1750875,5435875,181.023614523614
1751125,5435875,240.765027958994
1751375,5435875,289.270508411058
1751625,5435875,309.304805058614
1751875,5435875,222.670265609591
1752125,5435875,161.21717540119
1752375,5435875,188.892600489616
1752625,5435875,133.377777777778
1752875,5435875,27.2
1753375,5435875,198.477724100913
1753625,5435875,175.41975308642
1753875,5435875,146.322493224932
1755125,5435875,9.85454545454546
1756375,5435875,79.3684210526316
1756625,5435875,125.287359022556
1756875,5435875,74.7767857142857
1757125,5435875,31.875
1757375,5435875,43.643798273512
1757625,5435875,166.106637478832
1757875,5435875,68.1818181818182
1758125,5435875,73.4545454545455
1758375,5435875,84.3662979830839
1758625,5435875,114.963670137829
1758875,5435875,15.5749239350913
1747875,5436125,2.88135593220339
1748125,5436125,8.64406779661017
1748375,5436125,5.88135593220339
1748875,5436125,3
1749125,5436125,10.2931034482759
1749375,5436125,4.5
1749625,5436125,3
1749875,5436125,7.43103448275862
1750375,5436125,2.93103448275862
1750625,5436125,5.86206896551724
1750875,5436125,229.611111111111
1751125,5436125,250.952606467037
1751375,5436125,206.995932925468
1751625,5436125,234.715785637423
1751875,5436125,65.9475507174666
1752125,5436125,103.308489246372
1752375,5436125,147.428571428571
1752625,5436125,63
1752875,5436125,3
1753375,5436125,50.6086956521739
1754625,5436125,2.2
1754875,5436125,4.01818181818182
1756125,5436125,27.3770728190339
1756375,5436125,106.797404470079
1756625,5436125,94.9692907354001
1757125,5436125,2.4390243902439
1757375,5436125,135.407852306601
1757625,5436125,134.641911641233
1757875,5436125,139.090909090909
1758125,5436125,53.3131313131313
1758375,5436125,50
1758625,5436125,79.7285067873303
1758875,5436125,140.302970686602
1748375,5436375,7.26271186440678
1748625,5436375,11.812390414962
1748875,5436375,11.9310344827586
1750125,5436375,2.93103448275862
1750625,5436375,2.93103448275862
1750875,5436375,143.130434782609
1751125,5436375,224.128542072247
1751375,5436375,182.903958468527
1751625,5436375,205.58312983313
1751875,5436375,113.537001163893
1752125,5436375,118.969881098094
1752375,5436375,38.8700607902735
1752625,5436375,212.219194978436
1752875,5436375,132.622592813183
1754625,5436375,2.2
1754875,5436375,2.2
1756125,5436375,2.73972602739726
1756625,5436375,41.0958904109589
1756875,5436375,96.1440892947742
1757125,5436375,17.6
1757375,5436375,89.3365853658536
1757625,5436375,132.147021473101
1757875,5436375,121.576744747823
1758125,5436375,114.374427678204
1758375,5436375,61.1111111111111
1758625,5436375,64.1269841269841
1758875,5436375,122.931995540691
1748625,5436625,11.5254237288136
1748875,5436625,8.79310344827586
1750875,5436625,19.7826086956522
1751125,5436625,195.945823571898
1751375,5436625,179.554379831102
1751625,5436625,171.988579645229
1751875,5436625,318.554883888262
1752125,5436625,21.3157894736842
1752375,5436625,30.541165587419
1752625,5436625,171.621170101586
1752875,5436625,212.456014174355
1753125,5436625,11.025641025641
1753375,5436625,77.1794871794872
1754625,5436625,2.2
1754875,5436625,13.2
1755125,5436625,3.63636363636364
1756625,5436625,9.11581569115816
1756875,5436625,118.108174592193
1757125,5436625,225.254769921437
1757375,5436625,97.4666666666666
1757625,5436625,225.346901442406
1757875,5436625,224.729735440232
1758125,5436625,77.2098189847086
1758375,5436625,86.8
1758625,5436625,80.1619047619048
1758875,5436625,26.4
1748625,5436875,5.76271186440678
1748875,5436875,14.4564582115722
1750875,5436875,18.9041095890411
1751125,5436875,179.919011092001
1751375,5436875,116.436275588818
1751625,5436875,197.855679821336
1751875,5436875,110.291728731626
1752125,5436875,18.7087912087912
1752625,5436875,55.8110367892977
1752875,5436875,175.287918944605
1753125,5436875,77.4941724941725
1753375,5436875,121.282051282051
1753625,5436875,41.3461538461538
1755125,5436875,3.63636363636364
1756875,5436875,30.4545454545455
1757125,5436875,218.517357482875
1757375,5436875,234.740641102073
1757625,5436875,217.517507478307
1757875,5436875,178.220132903083
1758125,5436875,51.6287878787879
1758375,5436875,156.137931034483
1758625,5436875,160.923481116585
1758875,5436875,145.002298850575
1748875,5437125,14.4564582115722
1749125,5437125,5.86206896551724
1750875,5437125,194.668171440432
1751125,5437125,252.756766777901
1751375,5437125,175.715537558953
1751625,5437125,175.31847358296
1751875,5437125,141.185464152216
1752125,5437125,54.3956043956044
1752375,5437125,14.8351648351648
1752625,5437125,4.23076923076923
1753125,5437125,113.385780885781
1753375,5437125,38.5897435897436
1753625,5437125,19.2948717948718
1754375,5437125,4.4
1754625,5437125,8.8
1754875,5437125,13.2
1755125,5437125,7.65454545454546
1756875,5437125,8.63636363636364
1757125,5437125,14.5454545454545
1757375,5437125,157.963086656833
1757625,5437125,224.264049955397
1757875,5437125,218.451017907031
1758125,5437125,109.565217391304
1758375,5437125,158.602645199956
1758625,5437125,130.323256416904
1758875,5437125,77.0952380952381
1748875,5437375,2.88135593220339
1749125,5437375,2.93103448275862
1750875,5437375,236.894717725197
1751125,5437375,211.42087945425
1751375,5437375,98.4193548387097
1751625,5437375,69.3125763125764
1751875,5437375,22.2527472527473
1752125,5437375,7.41758241758242
1752375,5437375,7.41758241758242
1752625,5437375,6.34615384615385
1753125,5437375,20.9090909090909
1753375,5437375,116.22622991044
1753625,5437375,167.480063795853
1753875,5437375,34.8484848484849
1754625,5437375,15.4
1754875,5437375,5.83636363636364
1755125,5437375,3.63636363636364
1757375,5437375,19.047619047619
1757625,5437375,11.5254237288136
1757875,5437375,18.1489741302409
1758125,5437375,131.117209013691
1758375,5437375,128.622711670481
1758625,5437375,96.1240601503759
1758875,5437375,10.5
1749125,5437625,5.81239041496201
1749375,5437625,17.5862068965517
1750875,5437625,85.6932994483357
1751125,5437625,88.5012264424029
1751375,5437625,145.30218297768
1751625,5437625,68.2808302808303
1751875,5437625,74.1758241758242
1752625,5437625,2.47252747252747
1752875,5437625,4.23076923076923
1753625,5437625,12.1212121212121
1753875,5437625,18.1818181818182
1754625,5437625,2.2
1754875,5437625,4.4
1755125,5437625,7.27272727272727
1758375,5437625,13.5526315789474
1758625,5437625,48.5225563909774
1758875,5437625,15
1749375,5437875,8.79310344827586
1750875,5437875,26.4705882352941
1751125,5437875,235.629788339177
1751375,5437875,62.7557027225901
1751625,5437875,123.83894913034
1751875,5437875,79.1208791208792
1752625,5437875,2.47252747252747
1752875,5437875,4.58791208791209
1754625,5437875,4.4
1754875,5437875,6.6
1755125,5437875,4.01818181818182
1758375,5437875,7.5
1758625,5437875,12.5
1758875,5437875,7.5
1749625,5438125,5.81239041496201
1751125,5438125,111.119984417608
1751375,5438125,127.483443708609
1751625,5438125,53.4659049559711
1751875,5438125,2.47252747252747
1755125,5438125,2.2
1755375,5438125,4.01818181818182
1758375,5438125,7.5
1758625,5438125,2.5
1758875,5438125,7.5
1749625,5438375,2.88135593220339
1749875,5438375,5.86206896551724
1751125,5438375,9.27152317880795
1751375,5438375,169.205298013245
1751625,5438375,97.3509933774835
1753125,5438375,24.9450549450549
1755625,5438375,5.36656891495601
1758375,5438375,12.5
1749625,5438625,2.88135593220339
1749875,5438625,5.81239041496201
1751375,5438625,50.9933774834437
1751625,5438625,41.7218543046357
1753375,5438625,31.9462116830538
1753875,5438625,143.305555555556
1754125,5438625,69.1111111111111
1755625,5438625,3.54838709677419
1750125,5438875,8.74342489772063
1753375,5438875,110.526315789474
1753875,5438875,69
1754125,5438875,46.5833333333333
1758375,5438875,5.55555555555556
1750125,5439125,5.81239041496201
1750375,5439125,2.93103448275862
1752625,5439125,65.9028642590286
1752875,5439125,109.501867995019
1753125,5439125,80.8951956478993
1753375,5439125,73.1228070175438
1758625,5439125,8.33333333333333
1749375,5439375,2.88135593220339
1750125,5439375,2.88135593220339
1750375,5439375,2.88135593220339
1752125,5439375,6.25
1752375,5439375,138.739035087719
1752625,5439375,222.384042297525
1752875,5439375,133.591764800128
1753125,5439375,72.1093815891499
1753375,5439375,186.356632361349
1753875,5439375,9.75
1758625,5439375,2.77777777777778
1750625,5439625,5.86206896551724
1750875,5439625,5.86206896551724
1752125,5439625,19.4886363636364
1752375,5439625,215.390045970541
1752625,5439625,187.902290762865
1752875,5439625,82.9885057471264
1753125,5439625,138.379344587884
1753375,5439625,86.0720411663808
1753625,5439625,26
1753875,5439625,3.25
1754375,5439625,3.54838709677419
1758625,5439625,2.77777777777778
1749375,5439875,5.76271186440678
1750875,5439875,11.7241379310345
1752125,5439875,30.006734006734
1752375,5439875,207.382068494709
1752625,5439875,233.572654796864
1752875,5439875,197.32536633945
1753125,5439875,20.2690058479532
1753375,5439875,109.371247855918
1753625,5439875,20.0275208140611
1753875,5439875,3.25
1754375,5439875,9
1754875,5439875,3.54838709677419
1750875,5440125,8.79310344827586
1751125,5440125,2.93103448275862
1751875,5440125,51.5151515151515
1752125,5440125,123.515151515152
1752375,5440125,214.222160458501
1752625,5440125,202.760275549398
1752875,5440125,223.351319668316
1753125,5440125,83.8157894736842
1753375,5440125,133.664772727273
1753625,5440125,20.8123791102514
1753875,5440125,12.1739130434783
1754125,5440125,12.1739130434783
1754375,5440125,9
1754625,5440125,15
1754875,5440125,9
1755125,5440125,6.54838709677419
1751125,5440375,11.624780829924
1751875,5440375,112.121212121212
1752125,5440375,124.691077441077
1752375,5440375,155.111111111111
1752625,5440375,194.123944453975
1752875,5440375,210.809193526452
1753125,5440375,137.802500437139
1753375,5440375,155
1753625,5440375,67.8916827852998
1753875,5440375,133.43556535971
1754125,5440375,67.4247491638796
1754625,5440375,15
1754875,5440375,12
1751125,5440625,8.64406779661017
1751375,5440625,2.88135593220339
1752375,5440625,161.059680670698
1752625,5440625,146.940339354132
1752875,5440625,183.530663221361
1753125,5440625,127.303986710963
1753375,5440625,155.075757575757
1753625,5440625,65.1851851851852
1753875,5440625,135.598290598291
1754125,5440625,70.6688963210703
1754375,5440625,9.1304347826087
1754875,5440625,15
1755125,5440625,6.54838709677419
1755375,5440625,14.1935483870968
1748625,5440875,2.88135593220339
1748875,5440875,5.76271186440678
1750625,5440875,2.88135593220339
1752125,5440875,8.78048780487805
1752375,5440875,177.142857142857
1752625,5440875,205.129994526546
1752875,5440875,161.952709359606
1753125,5440875,133.780392156863
1753375,5440875,81.688495217907
1753625,5440875,119.227799227799
1753875,5440875,103.903133903134
1754125,5440875,31.7892976588629
1754375,5440875,18.2608695652174
1754625,5440875,15.2173913043478
1754875,5440875,9.1304347826087
1748625,5441125,2.88135593220339
1750875,5441125,2.88135593220339
1752375,5441125,87.5261324041812
1752625,5441125,158.926829268293
1752875,5441125,156.876026272578
1753125,5441125,182.534848484849
1753375,5441125,150.124977919096
1753625,5441125,59.2084942084942
1753875,5441125,49.0322580645161
1754125,5441125,175.510752688172
1754375,5441125,46.672902018783
1754625,5441125,2.55813953488372
1754875,5441125,6.08695652173913
1755125,5441125,3.04347826086957
1755625,5441125,17.741935483871
1752375,5441375,2.92682926829268
1752625,5441375,94.9965156794425
1752875,5441375,192.441558441558
1753125,5441375,202.97214684155
1753375,5441375,61.015873015873
1753625,5441375,22.8571428571428
1753875,5441375,33.6451612903226
1754125,5441375,137.099045888233
1754375,5441375,179.0428975112
1754625,5441375,55.3370122191565
1755625,5441375,7.09677419354839
1755875,5441375,10.6451612903226
1752875,5441625,228.305828318024
1753125,5441625,270.067471328043
1753375,5441625,140.168498168498
1753625,5441625,217.404238618524
1753875,5441625,201.426267281106
1754125,5441625,161.471180021304
1754375,5441625,144.271060059259
1754625,5441625,5.76271186440678
1755875,5441625,3.54838709677419
1756125,5441625,7.09677419354839
1756375,5441625,7.09677419354839
1749125,5441875,2.88135593220339
1752875,5441875,173.891352549889
1753125,5441875,226.672875092387
1753375,5441875,154.025697440717
1753625,5441875,203.247906240864
1753875,5441875,214.382224068898
1754125,5441875,93.048251558688
1754375,5441875,13.2352941176471
1756125,5441875,7.09677419354839
1756375,5441875,7.09677419354839
1756625,5441875,3.54838709677419
1752875,5442125,17.4242424242424
1753125,5442125,119.278220869047
1753375,5442125,241.920636884352
1753625,5442125,161.826843413422
1753875,5442125,233.832447425809
1754125,5442125,103.830572523737
1754375,5442125,10.5882352941176
1756625,5442125,3.54838709677419
1753125,5442375,9.85074626865672
1753375,5442375,157.368834711317
1753625,5442375,182.466063348416
1753875,5442375,128.388278636345
1754125,5442375,234.178015646148
1754375,5442375,20.6434872859367
1753125,5442625,2.68456375838926
1753375,5442625,0.536912751677852
1753625,5442625,92.8315736551031
1753875,5442625,118.350718194255
1754125,5442625,319.385114146359
1754375,5442625,123.581865689368
1756125,5442625,7.90697674418605
1756375,5442625,60.7142857142857
1753125,5442875,0.536912751677852
1753375,5442875,0.536912751677852
1753625,5442875,80.8888888888889
1753875,5442875,9.65972222222222
1754125,5442875,216.681948636845
1754375,5442875,165.040476857036
1756125,5442875,238.65955558842
1756375,5442875,221.334440753045
1753375,5443125,0.536912751677852
1753625,5443125,9.33333333333333
1754375,5443125,1.61073825503356
1754625,5443125,13.2352941176471
1754875,5443125,115.677361853832
1755125,5443125,3.33333333333333
1756125,5443125,265.851882103862
1756375,5443125,277.90800198695
1756625,5443125,10.8333333333333
1753375,5443375,0.536912751677852
1753625,5443375,17.1812080536913
1753875,5443375,6.97986577181208
1754875,5443375,97.4904445148347
1755125,5443375,200.349738892322
1755375,5443375,142.13381314141
1755625,5443375,183.154513130809
1756125,5443375,231.535171310609
1756375,5443375,276.93013896749
1756625,5443375,282.214116294461
1756875,5443375,101.112505141917
1753625,5443625,18.7919463087248
1753875,5443625,48.8584171366083
1754125,5443625,186.261980830671
1754375,5443625,311.565495207668
1754625,5443625,1.69329073482428
1754875,5443625,123.403361344538
1755125,5443625,174.207339988905
1755375,5443625,173.550994818062
1755625,5443625,263.573540424495
1755875,5443625,158.650965649418
1756125,5443625,246.401287821955
1756375,5443625,324.373908648102
1756625,5443625,335.331757222001
1756875,5443625,46.7832167832168
1757375,5443625,3.88888888888889
